Asset,Vendor,AMC Start,AMC End,Contract Value,Owner,Vendor Email
Solar Inverter (Health Centre),GreenVolt Energy Solutions,15/07/2025,14/07/2026,45000,Field Ops - Bengaluru,service@greenvolt.example
Solar Water Pump,SunPower Solar Systems,01/06/2024,30/05/2026,32000,Field Ops - Kalburgi,amc@sunpower.example
Diesel Generator 15kVA,PowerGen Enterprises,20/07/2025,19/07/2026,55000,Facilities - HO,service@powergen.example
Rooftop Solar Plant 10kW,Bright Renewables Enterprises,01/10/2024,30/04/2026,90000,Field Ops - Mysuru,care@bright.example
UPS Battery Bank,VoltEdge Power,01/03/2025,,15000,Facilities - HO,
Cold Storage Unit,ThermoCare Services Pvt Ltd,16/08/2025,15/08/2026,78000,Livelihood Program,support@thermocare.example
Water Purifier RO Systems,AquaPure Services,10/09/2025,20/08/2026,18000,Admin - HO,contact@aquapure.example
Office Computers (12),NexGen IT Solutions,01/01/2026,31/12/2026,24000,Admin - HO,helpdesk@nexgen.example
Biometric Attendance,SecureTech Systems,01/12/2025,30/11/2026,12000,HR,info@securetech.example
